{"cameraMode":{"drawMode":0,"name":"Shaded","section":"Shading Mode"},"sceneLighting":false,"audioPlay":false,"sceneViewState":{"showFog":true,"showMaterialUpdate":false,"showSkybox":false,"showFlares":true,"showImageEffects":true,"showParticleSystems":true},"in2DMode":false,"pivot":{"x":-5.633796691894531,"y":2.7388992309570314,"z":101.77095031738281},"rotation":{"x":-0.11832362413406372,"y":0.6386206746101379,"z":-0.10025222599506378,"w":-0.7537515759468079},"size":238.77259826660157,"orthographic":false}