{"cameraMode":{"drawMode":0,"name":"Shaded","section":"Shading Mode"},"sceneLighting":false,"audioPlay":false,"sceneViewState":{"showFog":true,"showMaterialUpdate":false,"showSkybox":false,"showFlares":true,"showImageEffects":true,"showParticleSystems":true},"in2DMode":false,"pivot":{"x":-0.009825944900512696,"y":1.7727155685424805,"z":0.7613358497619629},"rotation":{"x":-0.11832362413406372,"y":0.6386206746101379,"z":-0.10025222599506378,"w":-0.7537515759468079},"size":4.2733845710754398,"orthographic":false}